{
    "plddts": {
        "model_1": 82.6234643858964,
        "model_2": 82.3903560619239,
        "model_3": 83.04692036547101,
        "model_4": 82.25980443846564,
        "model_5": 81.38165209750457
    },
    "order": [
        "model_3",
        "model_1",
        "model_2",
        "model_4",
        "model_5"
    ]
}