{
    "plddts": {
        "model_1": 83.28963329962507,
        "model_2": 82.28747477359909,
        "model_3": 81.07859709832766,
        "model_4": 80.17616108392114,
        "model_5": 80.17290959382414
    },
    "order": [
        "model_1",
        "model_2",
        "model_3",
        "model_4",
        "model_5"
    ]
}